customer_id,name,email,age,monthly_spend,plan_tier,signup_date,satisfaction_score,device_os,data_usage_gb,is_active
C001,Ava Patel, Ava.Patel@Example.com ,24,49.99,Premium,2026-01-12,5,iOS,18.4,True
C002,Liam Carter,liam.carter@example.com,31,29.99,Standard,2026-01-18,4,Android,12.1,True
C003,Mia Johnson,mia.johnson@example.com,,19.99,Basic,2026-02-03,3,Windows,7.6,True
C004,Noah Williams,noah.williams.example.com,27,,premium,2026-02-11,5,macOS,21.3,True
C005,Sophia Brown,,35,39.99,Standard,2026-02-20,4,Android,10.9,False
C006,Ethan Davis,ethan.davis@example.com,42,24.99,Basic,2026-03-02,7,Windows,5.4,True
C007,Isabella Miller,isabella.miller@example.com,29,59.99,Premium,2026-03-14,5,iOS,,True
C008,Lucas Wilson,lucas.wilson@example.com,33,34.99,Standard,,3,Android,9.7,False
C009,Amelia Moore,amelia.moore@example.com,26,44.99,Premium,2026-04-05,4,iOS,16.2,True
C010,Mason Taylor,mason.taylor@example.com,38,-10.00,Basic,2026-04-16,2,Windows,6.1,True
C011,Harper Anderson, harper.anderson@example.com ,30,27.50,Standard,2026-04-25,4,Android,11.5,True
C011,Harper Anderson,harper.anderson@example.com,30,29.50,Standard,2026-05-01,4,Android,12.0,True
C012,James Martin,james.martin@example.com,150,31.99,Basic,2026-05-10,3,Windows,8.8,True
C013,Evelyn Thompson,EVELYN.THOMPSON@EXAMPLE.COM,28,69.99,PREMIUM,2026-05-22,5,ios,24.6,True
C014,Benjamin Lee,benjamin.lee@example.com,36,54.99,Standard,2026-06-02,4,Android,-3.0,False
